,ID,t,x,y,energy_content
0,0,0,511.71703145605306,198.41640345175446,10
1,0,453,511.71703145605306,198.41640345175446,10
