,ID,t,x,y,energy_content
0,100,45505,498.0515291723942,373.5218742683616,10
1,100,46586,498.0515291723942,373.5218742683616,10
