,ID,t,x,y,energy_content
0,101,46018,630.0950123495662,170.95356902659236,10
1,101,55738,630.0950123495662,170.95356902659236,10
