,ID,t,x,y,energy_content
0,102,46505,333.65961322734665,442.6609641991875,10
1,102,48739,333.65961322734665,442.6609641991875,10
