,ID,t,x,y,energy_content
0,103,47007,96.3975569777206,395.64982492767706,10
1,103,54597,96.3975569777206,395.64982492767706,10
