,ID,t,x,y,energy_content
0,104,47523,132.30931018422652,433.21019067591203,10
1,104,53390,132.30931018422652,433.21019067591203,10
