,ID,t,x,y,energy_content
0,105,48024,178.88144715957935,410.65127695911127,10
1,105,51829,178.88144715957935,410.65127695911127,10
