,ID,t,x,y,energy_content
0,106,48515,361.0147648824395,475.108009797868,10
1,106,49369,361.0147648824395,475.108009797868,10
