,ID,t,x,y,energy_content
0,107,49017,244.73226929645955,2.44067582275429,10
1,107,51974,244.73226929645955,2.44067582275429,10
