,ID,t,x,y,energy_content
0,108,49521,342.4938385119311,87.37985138098381,10
1,108,53076,342.4938385119311,87.37985138098381,10
