,ID,t,x,y,energy_content
0,109,50037,420.6151380515879,384.8626055252758,10
1,109,52333,420.6151380515879,384.8626055252758,10
