,ID,t,x,y,energy_content
0,10,521,26.355101095861926,303.5194378750943,10
1,10,4551,26.355101095861926,303.5194378750943,10
