,ID,t,x,y,energy_content
0,110,50518,307.88932334978233,334.9418453282922,10
1,110,50518,307.88932334978233,334.9418453282922,10
