,ID,t,x,y,energy_content
0,111,51004,578.4449289097819,156.7614320408545,10
1,111,57329,578.4449289097819,156.7614320408545,10
