,ID,t,x,y,energy_content
0,112,51526,577.6746131376933,183.69609802147374,10
1,112,57695,577.6746131376933,183.69609802147374,10
