,ID,t,x,y,energy_content
0,113,52012,425.6626096709153,161.14602075103673,10
1,113,63284,425.6626096709153,161.14602075103673,10
