,ID,t,x,y,energy_content
0,114,52522,67.94909802544893,119.38338366771801,10
1,114,54848,67.94909802544893,119.38338366771801,10
