,ID,t,x,y,energy_content
0,115,53034,366.42442774078694,75.4169369286487,10
1,115,58292,366.42442774078694,75.4169369286487,10
