,ID,t,x,y,energy_content
0,116,53522,636.3942532682462,156.75452781335918,10
1,116,56173,636.3942532682462,156.75452781335918,10
