,ID,t,x,y,energy_content
0,117,54008,567.1833731970976,76.09755391961676,10
1,117,54232,567.1833731970976,76.09755391961676,10
