,ID,t,x,y,energy_content
0,118,54502,574.8168560710731,117.17989443278931,10
1,118,58942,574.8168560710731,117.17989443278931,10
