,ID,t,x,y,energy_content
0,119,55036,602.5745450326317,409.9562815635001,10
1,119,56352,602.5745450326317,409.9562815635001,10
