,ID,t,x,y,energy_content
0,11,1017,518.7149961215266,356.2701643422837,10
1,11,9856,518.7149961215266,356.2701643422837,10
