,ID,t,x,y,energy_content
0,120,55547,77.4753889291933,47.23799722401587,10
1,120,57695,77.4753889291933,47.23799722401587,10
