,ID,t,x,y,energy_content
0,121,56027,427.39248346912,61.103934208901606,10
1,121,60251,427.39248346912,61.103934208901606,10
