,ID,t,x,y,energy_content
0,122,56532,598.0669777645603,452.8398121495786,10
1,122,57419,598.0669777645603,452.8398121495786,10
