,ID,t,x,y,energy_content
0,123,57008,13.298806154736909,423.03673002884125,10
1,123,58292,13.298806154736909,423.03673002884125,10
