,ID,t,x,y,energy_content
0,124,57515,54.935844390701334,82.64111291457795,10
1,124,58106,54.935844390701334,82.64111291457795,10
