,ID,t,x,y,energy_content
0,125,58023,161.20892906045833,211.2302418841499,10
1,125,59931,161.20892906045833,211.2302418841499,10
