,ID,t,x,y,energy_content
0,126,58551,259.7787147046933,37.42820769435724,10
1,126,72819,259.7787147046933,37.42820769435724,10
