,ID,t,x,y,energy_content
0,127,59012,226.30972563087988,23.12548423361733,10
1,127,73546,226.30972563087988,23.12548423361733,10
