,ID,t,x,y,energy_content
0,128,59527,459.8868888994698,220.21256250070215,10
1,128,61526,459.8868888994698,220.21256250070215,10
