,ID,t,x,y,energy_content
0,129,60056,467.52110477316944,30.01936635015852,10
1,129,61732,467.52110477316944,30.01936635015852,10
