,ID,t,x,y,energy_content
0,12,1520,182.3670559349461,393.37478844667845,10
1,12,1864,182.3670559349461,393.37478844667845,10
