,ID,t,x,y,energy_content
0,130,60538,487.1882908030588,322.3705860707318,10
1,130,68408,487.1882908030588,322.3705860707318,10
