,ID,t,x,y,energy_content
0,131,61028,318.32017545270855,423.45053237784214,10
1,131,66391,318.32017545270855,423.45053237784214,10
