,ID,t,x,y,energy_content
0,132,61526,189.33363930613433,423.14562057715966,10
1,132,61851,189.33363930613433,423.14562057715966,10
