,ID,t,x,y,energy_content
0,133,62048,335.80505107748587,446.1372613333461,10
1,133,71331,335.80505107748587,446.1372613333461,10
