,ID,t,x,y,energy_content
0,134,62545,360.59557881855704,187.3823921538504,10
1,134,66558,360.59557881855704,187.3823921538504,10
