,ID,t,x,y,energy_content
0,135,63049,115.01253417174979,20.762757063108435,10
1,135,74402,115.01253417174979,20.762757063108435,10
