,ID,t,x,y,energy_content
0,136,63529,434.8009992306987,448.98041835686644,10
1,136,66213,434.8009992306987,448.98041835686644,10
