,ID,t,x,y,energy_content
0,137,64032,445.787318051419,197.85655842931948,10
1,137,64773,445.787318051419,197.85655842931948,10
