,ID,t,x,y,energy_content
0,138,64514,582.7038064918161,269.3840385216853,10
1,138,64934,582.7038064918161,269.3840385216853,10
