,ID,t,x,y,energy_content
0,139,65031,402.91670519312396,281.5417513343788,10
1,139,66083,402.91670519312396,281.5417513343788,10
