,ID,t,x,y,energy_content
0,13,2003,137.89010570482858,25.03207906877501,10
1,13,13026,137.89010570482858,25.03207906877501,10
