,ID,t,x,y,energy_content
0,140,65536,318.9097379935432,153.59754342925092,10
1,140,68081,318.9097379935432,153.59754342925092,10
