,ID,t,x,y,energy_content
0,141,66041,386.2572879642282,66.63096457868531,10
1,141,67209,386.2572879642282,66.63096457868531,10
