,ID,t,x,y,energy_content
0,142,66516,407.29931213291377,68.44916780464027,10
1,142,67405,407.29931213291377,68.44916780464027,10
