,ID,t,x,y,energy_content
0,143,67012,144.96468540406667,55.61126245031454,10
1,143,73169,144.96468540406667,55.61126245031454,10
