,ID,t,x,y,energy_content
0,144,67516,127.69088832320215,167.68186031630114,10
1,144,69629,127.69088832320215,167.68186031630114,10
