,ID,t,x,y,energy_content
0,145,68000,439.7281165289217,441.595462781793,10
1,145,72738,439.7281165289217,441.595462781793,10
