,ID,t,x,y,energy_content
0,146,68537,588.5990665720794,476.07612222865515,10
1,146,68537,588.5990665720794,476.07612222865515,10
