,ID,t,x,y,energy_content
0,147,69030,119.97349639980811,451.5692260575767,10
1,147,83015,119.97349639980811,451.5692260575767,10
