,ID,t,x,y,energy_content
0,148,69513,605.394947098577,55.0770845232133,10
1,148,70978,605.394947098577,55.0770845232133,10
