,ID,t,x,y,energy_content
0,149,70025,595.7612559265343,259.79248402032067,10
1,149,72340,595.7612559265343,259.79248402032067,10
