,ID,t,x,y,energy_content
0,14,2527,112.87123271176945,53.39146902527462,10
1,14,10463,112.87123271176945,53.39146902527462,10
