,ID,t,x,y,energy_content
0,150,70520,238.6944765677341,66.45442782669974,10
1,150,71862,238.6944765677341,66.45442782669974,10
