,ID,t,x,y,energy_content
0,151,71018,245.9666484382388,240.89674369322552,10
1,151,71412,245.9666484382388,240.89674369322552,10
