,ID,t,x,y,energy_content
0,152,71533,15.723775952251415,337.3416010648127,10
1,152,78374,15.723775952251415,337.3416010648127,10
