,ID,t,x,y,energy_content
0,153,72019,171.6631923248076,277.59714269198054,10
1,153,73258,171.6631923248076,277.59714269198054,10
