,ID,t,x,y,energy_content
0,154,72539,506.4444444122978,416.2276188221978,10
1,154,74316,506.4444444122978,416.2276188221978,10
