,ID,t,x,y,energy_content
0,155,73013,278.3013716811728,12.503282586372837,10
1,155,74445,278.3013716811728,12.503282586372837,10
