,ID,t,x,y,energy_content
0,156,73507,259.50234554879245,191.81456207222712,10
1,156,75485,259.50234554879245,191.81456207222712,10
