,ID,t,x,y,energy_content
0,157,74004,97.79327640265173,99.53001098060632,10
1,157,74579,97.79327640265173,99.53001098060632,10
