,ID,t,x,y,energy_content
0,158,74531,85.40666651996631,459.8532318417944,10
1,158,83607,85.40666651996631,459.8532318417944,10
