,ID,t,x,y,energy_content
0,159,75011,44.141348023379976,24.60547372255144,10
1,159,76913,44.141348023379976,24.60547372255144,10
