,ID,t,x,y,energy_content
0,15,3025,401.8372324737024,85.79199868886153,10
1,15,15370,401.8372324737024,85.79199868886153,10
