,ID,t,x,y,energy_content
0,160,75530,159.34550281854774,23.261740260381423,10
1,160,80024,159.34550281854774,23.261740260381423,10
