,ID,t,x,y,energy_content
0,161,76013,99.54994268918036,415.3330043870021,10
1,161,81792,99.54994268918036,415.3330043870021,10
