,ID,t,x,y,energy_content
0,162,76529,491.01462890158973,316.42726957659147,10
1,162,78998,491.01462890158973,316.42726957659147,10
