,ID,t,x,y,energy_content
0,163,77010,82.88067600419495,79.29537866166525,10
1,163,77747,82.88067600419495,79.29537866166525,10
