,ID,t,x,y,energy_content
0,164,77508,352.57525787514004,19.627509292414924,10
1,164,77795,352.57525787514004,19.627509292414924,10
