,ID,t,x,y,energy_content
0,165,78023,270.9237009575332,406.81748387075714,10
1,165,80136,270.9237009575332,406.81748387075714,10
