,ID,t,x,y,energy_content
0,166,78506,73.97342557729729,337.77003792170564,10
1,166,79614,73.97342557729729,337.77003792170564,10
