,ID,t,x,y,energy_content
0,167,79046,34.26502671117049,9.702846330921222,10
1,167,93129,34.26502671117049,9.702846330921222,10
