,ID,t,x,y,energy_content
0,168,79513,264.42643253147736,191.0449217877442,10
1,168,81263,264.42643253147736,191.0449217877442,10
