,ID,t,x,y,energy_content
0,169,80024,609.120561616604,313.167749733942,10
1,169,81948,609.120561616604,313.167749733942,10
