,ID,t,x,y,energy_content
0,16,3521,118.65424805254449,217.33838370634285,10
1,16,4522,118.65424805254449,217.33838370634285,10
