,ID,t,x,y,energy_content
0,170,80545,382.14168447759516,108.15404029471443,10
1,170,81431,382.14168447759516,108.15404029471443,10
