,ID,t,x,y,energy_content
0,171,81038,429.4350176475384,371.69949845494534,10
1,171,81322,429.4350176475384,371.69949845494534,10
