,ID,t,x,y,energy_content
0,172,81531,350.3489537593341,116.45261694045892,10
1,172,81851,350.3489537593341,116.45261694045892,10
