,ID,t,x,y,energy_content
0,173,82008,282.71960013838975,109.16462344985744,10
1,173,83163,282.71960013838975,109.16462344985744,10
