,ID,t,x,y,energy_content
0,174,82543,504.3778108834098,358.1984098721941,10
1,174,83367,504.3778108834098,358.1984098721941,10
