,ID,t,x,y,energy_content
0,175,83015,526.5186768088786,223.6248265609244,10
1,175,87218,526.5186768088786,223.6248265609244,10
