,ID,t,x,y,energy_content
0,176,83532,242.33671086768135,83.35571574712895,10
1,176,83607,242.33671086768135,83.35571574712895,10
