,ID,t,x,y,energy_content
0,177,84006,477.2205906398903,349.94908952784886,10
1,177,84006,477.2205906398903,349.94908952784886,10
