,ID,t,x,y,energy_content
0,178,84515,605.3267749410336,396.43236080346725,10
1,178,85819,605.3267749410336,396.43236080346725,10
