,ID,t,x,y,energy_content
0,179,85038,98.78302008515782,377.75199753738065,10
1,179,85745,98.78302008515782,377.75199753738065,10
