,ID,t,x,y,energy_content
0,17,4001,188.06806252351925,115.11508591046636,10
1,17,8164,188.06806252351925,115.11508591046636,10
