,ID,t,x,y,energy_content
0,180,85500,32.13517471010512,76.09875644537881,10
1,180,91686,32.13517471010512,76.09875644537881,10
