,ID,t,x,y,energy_content
0,181,86047,156.5477265087972,47.95757230693571,10
1,181,87880,156.5477265087972,47.95757230693571,10
