,ID,t,x,y,energy_content
0,183,87020,147.86158346963305,302.52215792758193,10
1,183,89108,147.86158346963305,302.52215792758193,10
