,ID,t,x,y,energy_content
0,184,87532,71.23129053672017,54.90872242910646,10
1,184,90455,71.23129053672017,54.90872242910646,10
