,ID,t,x,y,energy_content
0,185,88023,444.3924310278652,230.87235028485065,10
1,185,89691,444.3924310278652,230.87235028485065,10
