,ID,t,x,y,energy_content
0,187,89020,494.8617091434477,285.2947300822081,10
1,187,91071,494.8617091434477,285.2947300822081,10
