,ID,t,x,y,energy_content
0,188,0,132.33093320538563,242.88548576844596,10
1,188,13530,132.33093320538563,242.88548576844596,10
