,ID,t,x,y,energy_content
0,189,90005,505.6997887807301,349.2862061734398,10
1,189,91907,505.6997887807301,349.2862061734398,10
