,ID,t,x,y,energy_content
0,18,4522,345.3167293932757,111.61720761998862,10
1,18,17753,345.3167293932757,111.61720761998862,10
