,ID,t,x,y,energy_content
0,190,0,125.68012478419313,182.27768744025605,10
1,190,33220,125.68012478419313,182.27768744025605,10
