,ID,t,x,y,energy_content
0,191,91022,135.49338467790926,4.276273778551385,10
1,191,95645,135.49338467790926,4.276273778551385,10
