,ID,t,x,y,energy_content
0,192,91501,185.4526550358313,171.72501025373643,10
1,192,93468,185.4526550358313,171.72501025373643,10
