,ID,t,x,y,energy_content
0,194,92540,186.59996256880632,219.6817384658768,10
1,194,92540,186.59996256880632,219.6817384658768,10
