,ID,t,x,y,energy_content
0,195,0,518.6499591671766,240.63555948346354,10
1,195,8920,518.6499591671766,240.63555948346354,10
