,ID,t,x,y,energy_content
0,196,93518,189.17780637709376,254.72178738878324,10
1,196,94176,189.17780637709376,254.72178738878324,10
