,ID,t,x,y,energy_content
0,197,94026,174.0267229178565,177.0728266037862,10
1,197,94270,174.0267229178565,177.0728266037862,10
