,ID,t,x,y,energy_content
0,198,94516,562.8288560694624,449.2992686606446,10
1,198,96155,562.8288560694624,449.2992686606446,10
