,ID,t,x,y,energy_content
0,199,95006,258.78284456150567,232.67309410710402,10
1,199,97265,258.78284456150567,232.67309410710402,10
