,ID,t,x,y,energy_content
0,19,5016,319.33377440387085,226.9780786254346,10
1,19,13565,319.33377440387085,226.9780786254346,10
