,ID,t,x,y,energy_content
0,1,0,120.14560507362425,259.3436043081876,10
1,1,2746,120.14560507362425,259.3436043081876,10
