,ID,t,x,y,energy_content
0,200,0,33.584548410131205,424.17556992247756,10
1,200,4440,33.584548410131205,424.17556992247756,10
