,ID,t,x,y,energy_content
0,201,96009,573.2971255448135,270.6716648887333,10
1,201,96009,573.2971255448135,270.6716648887333,10
