,ID,t,x,y,energy_content
0,202,0,43.68961693247364,144.99559516673008,10
1,202,29960,43.68961693247364,144.99559516673008,10
