,ID,t,x,y,energy_content
0,203,0,499.48031670548033,438.01477674958676,10
1,203,24150,499.48031670548033,438.01477674958676,10
