,ID,t,x,y,energy_content
0,204,97565,540.7156392859935,445.129984135403,10
1,204,97846,540.7156392859935,445.129984135403,10
