,ID,t,x,y,energy_content
0,205,0,549.6083878147485,233.2716680626855,10
1,205,13530,549.6083878147485,233.2716680626855,10
