,ID,t,x,y,energy_content
0,206,0,206.8227600422783,358.7590720130894,10
1,206,5630,206.8227600422783,358.7590720130894,10
