,ID,t,x,y,energy_content
0,207,0,171.14246381971228,88.52995120590064,10
1,207,33220,171.14246381971228,88.52995120590064,10
