,ID,t,x,y,energy_content
0,208,0,536.1776433766864,201.1056719909706,10
1,208,18800,536.1776433766864,201.1056719909706,10
