,ID,t,x,y,energy_content
0,209,0,234.71951387968872,163.62172421607937,10
1,209,36490,234.71951387968872,163.62172421607937,10
