,ID,t,x,y,energy_content
0,20,5503,373.5630756665835,377.33290526118674,10
1,20,6052,373.5630756665835,377.33290526118674,10
