,ID,t,x,y,energy_content
0,210,0,160.52425728219072,276.6460398962204,10
1,210,11280,160.52425728219072,276.6460398962204,10
