,ID,t,x,y,energy_content
0,211,0,25.68827259083001,41.997540393933726,10
1,211,5630,25.68827259083001,41.997540393933726,10
