,ID,t,x,y,energy_content
0,212,0,555.4049502021828,137.02057103564027,10
1,212,18800,555.4049502021828,137.02057103564027,10
