,ID,t,x,y,energy_content
0,213,0,127.87181619956257,218.03712570579768,10
1,213,15810,127.87181619956257,218.03712570579768,10
