,ID,t,x,y,energy_content
0,214,0,583.781241442403,360.43526619655023,10
1,214,15810,583.781241442403,360.43526619655023,10
