,ID,t,x,y,energy_content
0,215,0,513.2403991234544,442.78650520883014,10
1,215,24150,513.2403991234544,442.78650520883014,10
