,ID,t,x,y,energy_content
0,216,0,386.7281712236292,246.86007521365548,10
1,216,8920,386.7281712236292,246.86007521365548,10
