,ID,t,x,y,energy_content
0,217,0,167.25748700317774,43.084734002857026,10
1,217,21760,167.25748700317774,43.084734002857026,10
