,ID,t,x,y,energy_content
0,218,0,450.0087900323843,430.779166907978,10
1,218,18800,450.0087900323843,430.779166907978,10
