,ID,t,x,y,energy_content
0,219,0,313.847532779224,73.80916839739518,10
1,219,15810,313.847532779224,73.80916839739518,10
