,ID,t,x,y,energy_content
0,21,6011,307.76172083980833,289.02348945578683,10
1,21,11830,307.76172083980833,289.02348945578683,10
