,ID,t,x,y,energy_content
0,220,0,368.35035195896387,183.3060747339057,10
1,220,4440,368.35035195896387,183.3060747339057,10
