,ID,t,x,y,energy_content
0,221,0,194.75899383579403,448.87732459791084,10
1,221,11280,194.75899383579403,448.87732459791084,10
