,ID,t,x,y,energy_content
0,222,0,607.7834301633137,225.81139190984442,10
1,222,29960,607.7834301633137,225.81139190984442,10
