,ID,t,x,y,energy_content
0,224,0,12.288998066675703,17.445295391727615,10
1,224,21760,12.288998066675703,17.445295391727615,10
