,ID,t,x,y,energy_content
0,227,0,543.6450275847642,295.0730612387356,10
1,227,15810,543.6450275847642,295.0730612387356,10
