,ID,t,x,y,energy_content
0,228,0,443.6227390787321,349.6818345652991,10
1,228,6940,443.6227390787321,349.6818345652991,10
