,ID,t,x,y,energy_content
0,229,0,415.69248322798614,15.105659902856168,10
1,229,15810,415.69248322798614,15.105659902856168,10
