,ID,t,x,y,energy_content
0,22,6511,441.01268898987564,1.2798895223528284,10
1,22,19880,441.01268898987564,1.2798895223528284,10
