,ID,t,x,y,energy_content
0,230,0,94.63932129449589,320.12086332400156,10
1,230,13530,94.63932129449589,320.12086332400156,10
