,ID,t,x,y,energy_content
0,231,0,510.236766464767,253.63075603348273,10
1,231,11280,510.236766464767,253.63075603348273,10
