,ID,t,x,y,energy_content
0,232,0,287.90659030056713,475.86385408142786,10
1,232,29960,287.90659030056713,475.86385408142786,10
