,ID,t,x,y,energy_content
0,234,0,16.62122828755045,338.9303576822756,10
1,234,11280,16.62122828755045,338.9303576822756,10
