,ID,t,x,y,energy_content
0,235,0,618.5476888746816,354.428423232548,10
1,235,18800,618.5476888746816,354.428423232548,10
