,ID,t,x,y,energy_content
0,236,0,246.73973507549937,166.97039733034526,10
1,236,13530,246.73973507549937,166.97039733034526,10
