,ID,t,x,y,energy_content
0,237,0,347.81120648916374,106.93454425523521,10
1,237,11280,347.81120648916374,106.93454425523521,10
