,ID,t,x,y,energy_content
0,238,0,539.1693838363258,96.5466059890528,10
1,238,26990,539.1693838363258,96.5466059890528,10
