,ID,t,x,y,energy_content
0,23,7001,488.1653747814534,245.00690381630412,10
1,23,9806,488.1653747814534,245.00690381630412,10
