,ID,t,x,y,energy_content
0,240,0,36.589592955265644,256.4382390569034,10
1,240,24150,36.589592955265644,256.4382390569034,10
