,ID,t,x,y,energy_content
0,241,0,30.797161451718225,373.30720745223226,10
1,241,5630,30.797161451718225,373.30720745223226,10
