,ID,t,x,y,energy_content
0,242,0,344.8350469310362,171.0318474366286,10
1,242,5630,344.8350469310362,171.0318474366286,10
