,ID,t,x,y,energy_content
0,243,0,303.285325303155,74.81320687587774,10
1,243,15810,303.285325303155,74.81320687587774,10
