,ID,t,x,y,energy_content
0,245,0,261.9605022744835,471.4689088330717,10
1,245,24150,261.9605022744835,471.4689088330717,10
