,ID,t,x,y,energy_content
0,246,0,445.90048635528035,234.7059133881678,10
1,246,13530,445.90048635528035,234.7059133881678,10
