,ID,t,x,y,energy_content
0,247,0,189.18365568194668,225.49423325255032,10
1,247,29960,189.18365568194668,225.49423325255032,10
