,ID,t,x,y,energy_content
0,248,0,385.24924034262966,453.2047385901498,10
1,248,33220,385.24924034262966,453.2047385901498,10
