,ID,t,x,y,energy_content
0,24,7513,17.708537156802677,233.91046076371228,10
1,24,13291,17.708537156802677,233.91046076371228,10
