,ID,t,x,y,energy_content
0,250,0,18.36809517593906,341.48907404845613,10
1,250,11280,18.36809517593906,341.48907404845613,10
