,ID,t,x,y,energy_content
0,252,0,151.1621489493944,333.6511027904249,10
1,252,36490,151.1621489493944,333.6511027904249,10
