,ID,t,x,y,energy_content
0,253,0,98.4291996696983,432.11603673654446,10
1,253,6940,98.4291996696983,432.11603673654446,10
