,ID,t,x,y,energy_content
0,254,0,580.4886309690187,369.501333583118,10
1,254,15810,580.4886309690187,369.501333583118,10
