,ID,t,x,y,energy_content
0,256,0,126.36946478321939,455.72924756396554,10
1,256,0,126.36946478321939,455.72924756396554,10
