,ID,t,x,y,energy_content
0,257,0,501.40138302210465,310.2606475408818,10
1,257,0,501.40138302210465,310.2606475408818,10
