,ID,t,x,y,energy_content
0,258,0,177.358502960139,416.18212000758854,10
1,258,4440,177.358502960139,416.18212000758854,10
