,ID,t,x,y,energy_content
0,259,0,317.9220095158205,143.273152667194,10
1,259,21760,317.9220095158205,143.273152667194,10
