,ID,t,x,y,energy_content
0,25,8010,375.7671630949897,369.8161468673666,10
1,25,8976,375.7671630949897,369.8161468673666,10
