,ID,t,x,y,energy_content
0,260,0,91.6243389250122,280.8957171615601,10
1,260,11280,91.6243389250122,280.8957171615601,10
