,ID,t,x,y,energy_content
0,261,0,239.8025033618903,328.11534126593637,10
1,261,4440,239.8025033618903,328.11534126593637,10
