,ID,t,x,y,energy_content
0,262,0,76.63293181004683,164.4323654900869,10
1,262,26990,76.63293181004683,164.4323654900869,10
