,ID,t,x,y,energy_content
0,263,0,390.072879525865,18.329164134714553,10
1,263,33220,390.072879525865,18.329164134714553,10
