,ID,t,x,y,energy_content
0,264,0,170.71113372016094,220.88561140527966,10
1,264,24150,170.71113372016094,220.88561140527966,10
