,ID,t,x,y,energy_content
0,265,0,298.28566380425787,415.10347448940854,10
1,265,13530,298.28566380425787,415.10347448940854,10
