,ID,t,x,y,energy_content
0,266,0,4.122672184342804,410.8039698360362,10
1,266,6940,4.122672184342804,410.8039698360362,10
