,ID,t,x,y,energy_content
0,268,0,472.3420582532239,470.3990934106532,10
1,268,24150,472.3420582532239,470.3990934106532,10
