,ID,t,x,y,energy_content
0,269,0,114.36985012747598,250.37259155097507,10
1,269,18800,114.36985012747598,250.37259155097507,10
