,ID,t,x,y,energy_content
0,26,8503,355.17062897107166,308.40785940514775,10
1,26,10299,355.17062897107166,308.40785940514775,10
