,ID,t,x,y,energy_content
0,270,0,176.81768604013158,264.64664979155066,10
1,270,29960,176.81768604013158,264.64664979155066,10
