,ID,t,x,y,energy_content
0,271,0,338.44027201491605,472.95445490792565,10
1,271,21760,338.44027201491605,472.95445490792565,10
