,ID,t,x,y,energy_content
0,272,0,372.79083315210903,466.45455511665915,10
1,272,26990,372.79083315210903,466.45455511665915,10
