,ID,t,x,y,energy_content
0,273,0,189.61041693361082,15.071898987236079,10
1,273,18800,189.61041693361082,15.071898987236079,10
