,ID,t,x,y,energy_content
0,274,0,105.71924661783363,253.95755436337222,10
1,274,18800,105.71924661783363,253.95755436337222,10
