,ID,t,x,y,energy_content
0,276,0,175.7376029006304,465.98084647852755,10
1,276,6940,175.7376029006304,465.98084647852755,10
