,ID,t,x,y,energy_content
0,277,0,497.2134528494655,46.408130280865194,10
1,277,18800,497.2134528494655,46.408130280865194,10
