,ID,t,x,y,energy_content
0,278,0,177.87638559517825,68.66267593488197,10
1,278,39820,177.87638559517825,68.66267593488197,10
