,ID,t,x,y,energy_content
0,279,0,116.67821788479834,57.50080324083186,10
1,279,33220,116.67821788479834,57.50080324083186,10
