,ID,t,x,y,energy_content
0,27,9001,390.6941747599093,81.07085215311784,10
1,27,15744,390.6941747599093,81.07085215311784,10
