,ID,t,x,y,energy_content
0,280,0,491.9499596188955,458.8300445730323,10
1,280,36490,491.9499596188955,458.8300445730323,10
