,ID,t,x,y,energy_content
0,281,0,458.8810991376531,358.69689997451724,10
1,281,18800,458.8810991376531,358.69689997451724,10
