,ID,t,x,y,energy_content
0,282,0,370.2076324299821,270.3367246318901,10
1,282,15810,370.2076324299821,270.3367246318901,10
