,ID,t,x,y,energy_content
0,283,0,556.6713103202757,189.50877427960432,10
1,283,4440,556.6713103202757,189.50877427960432,10
