,ID,t,x,y,energy_content
0,284,0,628.8654193254932,353.19308760837896,10
1,284,18800,628.8654193254932,353.19308760837896,10
