,ID,t,x,y,energy_content
0,285,0,482.15031203766904,419.62921753461023,10
1,285,15810,482.15031203766904,419.62921753461023,10
