,ID,t,x,y,energy_content
0,288,0,119.77679613772686,445.44231314829005,10
1,288,6940,119.77679613772686,445.44231314829005,10
