,ID,t,x,y,energy_content
0,289,0,607.3282244125381,463.7940917673031,10
1,289,39820,607.3282244125381,463.7940917673031,10
