,ID,t,x,y,energy_content
0,28,9521,229.53136599615726,354.4632104508113,10
1,28,12529,229.53136599615726,354.4632104508113,10
