,ID,t,x,y,energy_content
0,290,0,352.99159400332906,183.67167427944372,10
1,290,4440,352.99159400332906,183.67167427944372,10
