,ID,t,x,y,energy_content
0,292,0,237.86951834606077,46.44647012486601,10
1,292,21760,237.86951834606077,46.44647012486601,10
