,ID,t,x,y,energy_content
0,293,0,172.78039743902917,461.61924738348586,10
1,293,6940,172.78039743902917,461.61924738348586,10
