,ID,t,x,y,energy_content
0,294,0,74.39896208503129,170.561845073595,10
1,294,26990,74.39896208503129,170.561845073595,10
