,ID,t,x,y,energy_content
0,295,0,70.59577757013692,250.8370608244518,10
1,295,24150,70.59577757013692,250.8370608244518,10
