,ID,t,x,y,energy_content
0,296,0,49.79325054329642,211.45414563877256,10
1,296,15810,49.79325054329642,211.45414563877256,10
