,ID,t,x,y,energy_content
0,297,0,330.8648425346014,58.56071538054158,10
1,297,0,330.8648425346014,58.56071538054158,10
