,ID,t,x,y,energy_content
0,298,0,273.2161122004263,2.2897490591799574,10
1,298,21760,273.2161122004263,2.2897490591799574,10
