,ID,t,x,y,energy_content
0,299,0,529.5532686825716,365.7532798024472,10
1,299,6940,529.5532686825716,365.7532798024472,10
