,ID,t,x,y,energy_content
0,29,10000,0.21653454689314344,112.9616360409476,10
1,29,41726,0.21653454689314344,112.9616360409476,10
