,ID,t,x,y,energy_content
0,2,0,145.1317700065826,207.08985119155903,10
1,2,1125,145.1317700065826,207.08985119155903,10
