,ID,t,x,y,energy_content
0,300,0,360.99418665198124,469.8657550081253,10
1,300,26990,360.99418665198124,469.8657550081253,10
