,ID,t,x,y,energy_content
0,301,0,561.5301573830534,205.59865979077583,10
1,301,21760,561.5301573830534,205.59865979077583,10
