,ID,t,x,y,energy_content
0,302,0,380.6307531984328,191.1723074088207,10
1,302,8920,380.6307531984328,191.1723074088207,10
