,ID,t,x,y,energy_content
0,303,0,492.3635550159009,284.374141230484,10
1,303,24150,492.3635550159009,284.374141230484,10
