,ID,t,x,y,energy_content
0,304,0,83.93902049726279,30.71363964047361,10
1,304,26990,83.93902049726279,30.71363964047361,10
