,ID,t,x,y,energy_content
0,305,0,549.9534790816429,63.712047993366205,10
1,305,33220,549.9534790816429,63.712047993366205,10
