,ID,t,x,y,energy_content
0,306,0,413.55531167886375,151.61532884898597,10
1,306,5630,413.55531167886375,151.61532884898597,10
