,ID,t,x,y,energy_content
0,307,0,146.62228309368822,277.39649645710443,10
1,307,11280,146.62228309368822,277.39649645710443,10
