,ID,t,x,y,energy_content
0,308,0,425.6091230711138,377.12224853454853,10
1,308,4440,425.6091230711138,377.12224853454853,10
