,ID,t,x,y,energy_content
0,309,0,190.86264929259704,420.5737579449209,10
1,309,5630,190.86264929259704,420.5737579449209,10
