,ID,t,x,y,energy_content
0,30,10514,418.6717029125325,322.6393031765264,10
1,30,12333,418.6717029125325,322.6393031765264,10
