,ID,t,x,y,energy_content
0,310,0,258.2574813977561,37.920470933202495,10
1,310,24150,258.2574813977561,37.920470933202495,10
