,ID,t,x,y,energy_content
0,311,0,564.2306146248535,241.31535496124,10
1,311,13530,564.2306146248535,241.31535496124,10
