,ID,t,x,y,energy_content
0,312,0,293.16899705308776,187.45812641746875,10
1,312,6940,293.16899705308776,187.45812641746875,10
