,ID,t,x,y,energy_content
0,314,0,247.3518294108611,16.985108485762108,10
1,314,18800,247.3518294108611,16.985108485762108,10
