,ID,t,x,y,energy_content
0,316,0,466.7200809496702,244.16638923278478,10
1,316,18800,466.7200809496702,244.16638923278478,10
