,ID,t,x,y,energy_content
0,317,0,243.7078262491366,130.9949340002456,10
1,317,39820,243.7078262491366,130.9949340002456,10
