,ID,t,x,y,energy_content
0,318,0,332.62396165083135,262.0537115920475,10
1,318,13530,332.62396165083135,262.0537115920475,10
