,ID,t,x,y,energy_content
0,319,0,236.94289542496733,373.94649156677946,10
1,319,6940,236.94289542496733,373.94649156677946,10
