,ID,t,x,y,energy_content
0,31,11000,293.24814392778546,144.08929315744066,10
1,31,16158,293.24814392778546,144.08929315744066,10
