,ID,t,x,y,energy_content
0,320,0,493.6800660732299,64.03479768836613,10
1,320,15810,493.6800660732299,64.03479768836613,10
