,ID,t,x,y,energy_content
0,321,0,621.2034654267658,25.94185955394618,10
1,321,26990,621.2034654267658,25.94185955394618,10
