,ID,t,x,y,energy_content
0,322,0,577.288577361149,36.837578924038624,10
1,322,36490,577.288577361149,36.837578924038624,10
