,ID,t,x,y,energy_content
0,323,0,528.0432067627856,268.374538904876,10
1,323,26990,528.0432067627856,268.374538904876,10
