,ID,t,x,y,energy_content
0,324,0,254.0806094359523,282.13592430330675,10
1,324,5630,254.0806094359523,282.13592430330675,10
