,ID,t,x,y,energy_content
0,326,0,87.74400068146782,340.71027074810166,10
1,326,6940,87.74400068146782,340.71027074810166,10
