,ID,t,x,y,energy_content
0,327,0,103.6155712311632,155.51360854096575,10
1,327,15810,103.6155712311632,155.51360854096575,10
