,ID,t,x,y,energy_content
0,328,0,180.2756473510378,452.0195909545361,10
1,328,4440,180.2756473510378,452.0195909545361,10
