,ID,t,x,y,energy_content
0,329,0,76.93974668108098,161.75613152724293,10
1,329,26990,76.93974668108098,161.75613152724293,10
