,ID,t,x,y,energy_content
0,32,11511,214.30073199151394,70.69899847094774,10
1,32,15370,214.30073199151394,70.69899847094774,10
