,ID,t,x,y,energy_content
0,330,0,573.9656363774411,461.135744346198,10
1,330,15810,573.9656363774411,461.135744346198,10
