,ID,t,x,y,energy_content
0,331,0,295.81663119905886,14.640812069378235,10
1,331,36490,295.81663119905886,14.640812069378235,10
