,ID,t,x,y,energy_content
0,332,0,180.99107424848677,47.05638472458753,10
1,332,21760,180.99107424848677,47.05638472458753,10
