,ID,t,x,y,energy_content
0,333,0,128.31165637379954,456.1821991412765,10
1,333,0,128.31165637379954,456.1821991412765,10
