,ID,t,x,y,energy_content
0,334,0,170.18836231278522,333.02964965987996,10
1,334,15810,170.18836231278522,333.02964965987996,10
