,ID,t,x,y,energy_content
0,335,0,79.83786644751021,247.92434203438114,10
1,335,24150,79.83786644751021,247.92434203438114,10
