,ID,t,x,y,energy_content
0,336,0,149.4772349391154,177.70690697916405,10
1,336,15810,149.4772349391154,177.70690697916405,10
