,ID,t,x,y,energy_content
0,338,0,11.638990804147724,8.865020116034241,10
1,338,21760,11.638990804147724,8.865020116034241,10
