,ID,t,x,y,energy_content
0,339,0,179.0556695256891,460.4151549239994,10
1,339,6940,179.0556695256891,460.4151549239994,10
