,ID,t,x,y,energy_content
0,33,12004,506.5280722668029,170.08281249000103,10
1,33,13262,506.5280722668029,170.08281249000103,10
