,ID,t,x,y,energy_content
0,340,0,38.61834109827022,334.77928352333754,10
1,340,11280,38.61834109827022,334.77928352333754,10
