,ID,t,x,y,energy_content
0,341,0,346.0848608774265,213.0055098421348,10
1,341,6940,346.0848608774265,213.0055098421348,10
