,ID,t,x,y,energy_content
0,342,0,134.3026594169487,364.3329404822559,10
1,342,11280,134.3026594169487,364.3329404822559,10
