,ID,t,x,y,energy_content
0,343,0,249.88087722761668,195.95507417301263,10
1,343,24150,249.88087722761668,195.95507417301263,10
