,ID,t,x,y,energy_content
0,344,0,553.438919057979,122.054946777883,10
1,344,18800,553.438919057979,122.054946777883,10
