,ID,t,x,y,energy_content
0,345,0,123.12862956919929,431.53129404104465,10
1,345,0,123.12862956919929,431.53129404104465,10
