,ID,t,x,y,energy_content
0,346,0,257.8436956900179,105.65229135026696,10
1,346,33220,257.8436956900179,105.65229135026696,10
