,ID,t,x,y,energy_content
0,348,0,597.1188897946677,456.6225858449408,10
1,348,39820,597.1188897946677,456.6225858449408,10
