,ID,t,x,y,energy_content
0,349,0,160.91181443248672,102.65835661592298,10
1,349,33220,160.91181443248672,102.65835661592298,10
