,ID,t,x,y,energy_content
0,34,12505,623.4623177732841,121.22289172542119,10
1,34,27486,623.4623177732841,121.22289172542119,10
