,ID,t,x,y,energy_content
0,350,0,333.6759808929313,275.26155407695114,10
1,350,29960,333.6759808929313,275.26155407695114,10
