,ID,t,x,y,energy_content
0,351,0,3.627521521034467,174.7112192785603,10
1,351,33220,3.627521521034467,174.7112192785603,10
