,ID,t,x,y,energy_content
0,352,0,316.99163029795153,433.60596045640574,10
1,352,13530,316.99163029795153,433.60596045640574,10
