,ID,t,x,y,energy_content
0,353,0,138.32996308907568,353.8463333269639,10
1,353,11280,138.32996308907568,353.8463333269639,10
