,ID,t,x,y,energy_content
0,355,0,522.6129511172926,130.2605449310241,10
1,355,24150,522.6129511172926,130.2605449310241,10
