,ID,t,x,y,energy_content
0,357,0,19.26910468653503,151.7946141091116,10
1,357,33220,19.26910468653503,151.7946141091116,10
