,ID,t,x,y,energy_content
0,358,0,628.378439785566,292.0671659816277,10
1,358,24150,628.378439785566,292.0671659816277,10
