,ID,t,x,y,energy_content
0,359,0,69.57670537983454,75.09652742681085,10
1,359,4440,69.57670537983454,75.09652742681085,10
