,ID,t,x,y,energy_content
0,35,13001,97.34678327221985,182.2915499134819,10
1,35,15232,97.34678327221985,182.2915499134819,10
