,ID,t,x,y,energy_content
0,360,0,540.3499941434542,152.69079269090932,10
1,360,13530,540.3499941434542,152.69079269090932,10
