,ID,t,x,y,energy_content
0,361,0,328.3572556627903,295.7541794250868,10
1,361,0,328.3572556627903,295.7541794250868,10
