,ID,t,x,y,energy_content
0,362,0,164.59246916375662,436.99018314102926,10
1,362,4440,164.59246916375662,436.99018314102926,10
