,ID,t,x,y,energy_content
0,363,0,240.34533175069086,292.6099995508822,10
1,363,5630,240.34533175069086,292.6099995508822,10
