,ID,t,x,y,energy_content
0,364,0,473.4802661500054,240.51343487634898,10
1,364,18800,473.4802661500054,240.51343487634898,10
