,ID,t,x,y,energy_content
0,365,0,577.2649640240824,39.84257529683491,10
1,365,36490,577.2649640240824,39.84257529683491,10
