,ID,t,x,y,energy_content
0,366,0,404.44093158670313,355.0823214553004,10
1,366,5630,404.44093158670313,355.0823214553004,10
