,ID,t,x,y,energy_content
0,367,0,618.1611988826646,293.77080327818794,10
1,367,24150,618.1611988826646,293.77080327818794,10
