,ID,t,x,y,energy_content
0,369,0,413.862178417461,168.17464310476714,10
1,369,5630,413.862178417461,168.17464310476714,10
