,ID,t,x,y,energy_content
0,36,13507,523.424896595809,17.20230640638361,10
1,36,18569,523.424896595809,17.20230640638361,10
