,ID,t,x,y,energy_content
0,370,0,202.91805450816895,445.69009862601666,10
1,370,11280,202.91805450816895,445.69009862601666,10
