,ID,t,x,y,energy_content
0,372,0,476.8436266526768,40.59635545305204,10
1,372,29960,476.8436266526768,40.59635545305204,10
