,ID,t,x,y,energy_content
0,373,0,451.88309904113703,228.13898922855532,10
1,373,8920,451.88309904113703,228.13898922855532,10
