,ID,t,x,y,energy_content
0,374,0,89.95838409690776,364.25847464161603,10
1,374,6940,89.95838409690776,364.25847464161603,10
