,ID,t,x,y,energy_content
0,376,0,483.0193221502258,376.800912176809,10
1,376,18800,483.0193221502258,376.800912176809,10
