,ID,t,x,y,energy_content
0,377,0,585.3062704065517,133.29560220300917,10
1,377,26990,585.3062704065517,133.29560220300917,10
