,ID,t,x,y,energy_content
0,378,0,568.8939104234043,396.76856928940464,10
1,378,5630,568.8939104234043,396.76856928940464,10
