,ID,t,x,y,energy_content
0,379,0,609.2274446732797,305.8604700102996,10
1,379,24150,609.2274446732797,305.8604700102996,10
