,ID,t,x,y,energy_content
0,37,14023,40.36595338208784,464.2481365441802,10
1,37,29846,40.36595338208784,464.2481365441802,10
