,ID,t,x,y,energy_content
0,381,0,569.3350552316373,456.6254230388526,10
1,381,15810,569.3350552316373,456.6254230388526,10
