,ID,t,x,y,energy_content
0,382,0,96.22409982345609,369.60637374335,10
1,382,8920,96.22409982345609,369.60637374335,10
