,ID,t,x,y,energy_content
0,384,0,374.7396813206538,128.62786600171114,10
1,384,21760,374.7396813206538,128.62786600171114,10
