,ID,t,x,y,energy_content
0,386,0,283.7985907440288,284.35317834102005,10
1,386,0,283.7985907440288,284.35317834102005,10
