,ID,t,x,y,energy_content
0,387,0,36.899193459024104,239.3338038172862,10
1,387,24150,36.899193459024104,239.3338038172862,10
