,ID,t,x,y,energy_content
0,388,0,86.58412824294636,179.0747225453864,10
1,388,39820,86.58412824294636,179.0747225453864,10
