,ID,t,x,y,energy_content
0,389,0,38.71504107248377,63.24059950618887,10
1,389,6940,38.71504107248377,63.24059950618887,10
