,ID,t,x,y,energy_content
0,38,14514,98.80946469917262,45.444649464946224,10
1,38,19702,98.80946469917262,45.444649464946224,10
