,ID,t,x,y,energy_content
0,391,0,442.01874237056535,193.40544351888576,10
1,391,33220,442.01874237056535,193.40544351888576,10
