,ID,t,x,y,energy_content
0,392,0,135.998539626559,66.35578748134391,10
1,392,33220,135.998539626559,66.35578748134391,10
