,ID,t,x,y,energy_content
0,393,0,258.16026395780085,352.1176318483675,10
1,393,6940,258.16026395780085,352.1176318483675,10
