,ID,t,x,y,energy_content
0,394,0,258.1127261121146,441.8471812336837,10
1,394,4440,258.1127261121146,441.8471812336837,10
