,ID,t,x,y,energy_content
0,395,0,275.750485984429,261.15041832712404,10
1,395,26990,275.750485984429,261.15041832712404,10
