,ID,t,x,y,energy_content
0,396,0,79.09101486591673,351.66903793821973,10
1,396,4440,79.09101486591673,351.66903793821973,10
