,ID,t,x,y,energy_content
0,397,0,106.53284821159367,427.61598719684196,10
1,397,6940,106.53284821159367,427.61598719684196,10
