,ID,t,x,y,energy_content
0,398,0,281.0782680533405,20.287018714550786,10
1,398,11280,281.0782680533405,20.287018714550786,10
