,ID,t,x,y,energy_content
0,399,0,356.5971100720845,206.51146790493974,10
1,399,4440,356.5971100720845,206.51146790493974,10
