,ID,t,x,y,energy_content
0,39,15017,243.235786887198,147.40532447404,10
1,39,17374,243.235786887198,147.40532447404,10
