,ID,t,x,y,energy_content
0,3,0,426.8561465389105,341.5898895977848,10
1,3,7490,426.8561465389105,341.5898895977848,10
