,ID,t,x,y,energy_content
0,400,0,41.15081653379413,212.9300335919526,10
1,400,15810,41.15081653379413,212.9300335919526,10
