,ID,t,x,y,energy_content
0,402,0,236.60310251556433,239.04289117129628,10
1,402,11280,236.60310251556433,239.04289117129628,10
