,ID,t,x,y,energy_content
0,403,0,119.12497461070153,441.3872771867157,10
1,403,6940,119.12497461070153,441.3872771867157,10
