,ID,t,x,y,energy_content
0,404,0,2.317138949234092,399.2779159073089,10
1,404,6940,2.317138949234092,399.2779159073089,10
