,ID,t,x,y,energy_content
0,405,0,199.14393011596053,81.58211996589228,10
1,405,18800,199.14393011596053,81.58211996589228,10
