,ID,t,x,y,energy_content
0,406,0,385.8409422228199,250.93599688782865,10
1,406,6940,385.8409422228199,250.93599688782865,10
