,ID,t,x,y,energy_content
0,407,0,35.56224031300822,76.88462801343346,10
1,407,6940,35.56224031300822,76.88462801343346,10
