,ID,t,x,y,energy_content
0,408,0,515.2226608033614,150.30258358649374,10
1,408,39820,515.2226608033614,150.30258358649374,10
