,ID,t,x,y,energy_content
0,40,15525,199.92621286304177,267.85931405670937,10
1,40,18403,199.92621286304177,267.85931405670937,10
