,ID,t,x,y,energy_content
0,410,0,91.75694227308682,372.46508295851316,10
1,410,8920,91.75694227308682,372.46508295851316,10
