,ID,t,x,y,energy_content
0,411,0,285.6704698663992,30.364494697972013,10
1,411,11280,285.6704698663992,30.364494697972013,10
