,ID,t,x,y,energy_content
0,412,0,39.18737326716446,436.52383192939976,10
1,412,36490,39.18737326716446,436.52383192939976,10
