,ID,t,x,y,energy_content
0,413,0,630.448352338981,91.5308178141654,10
1,413,18800,630.448352338981,91.5308178141654,10
