,ID,t,x,y,energy_content
0,414,0,172.79068193662582,395.66351692427867,10
1,414,4440,172.79068193662582,395.66351692427867,10
