,ID,t,x,y,energy_content
0,415,0,491.0038186272841,38.36471161651026,10
1,415,18800,491.0038186272841,38.36471161651026,10
