,ID,t,x,y,energy_content
0,418,0,534.2000228331937,293.9976437375004,10
1,418,15810,534.2000228331937,293.9976437375004,10
