,ID,t,x,y,energy_content
0,419,0,282.2978836372839,282.2184719355904,10
1,419,26990,282.2978836372839,282.2184719355904,10
