,ID,t,x,y,energy_content
0,41,16015,421.7443963631877,344.19061257035116,10
1,41,18666,421.7443963631877,344.19061257035116,10
