,ID,t,x,y,energy_content
0,420,0,176.96571407599123,377.72225435475195,10
1,420,8920,176.96571407599123,377.72225435475195,10
