,ID,t,x,y,energy_content
0,421,0,319.65767747714176,473.8269020034283,10
1,421,11280,319.65767747714176,473.8269020034283,10
