,ID,t,x,y,energy_content
0,422,0,563.7990361885247,108.32700656652207,10
1,422,36490,563.7990361885247,108.32700656652207,10
