,ID,t,x,y,energy_content
0,423,0,499.06434061160473,411.2797863603545,10
1,423,15810,499.06434061160473,411.2797863603545,10
