,ID,t,x,y,energy_content
0,425,0,538.8829337896186,339.8032613297109,10
1,425,24150,538.8829337896186,339.8032613297109,10
