,ID,t,x,y,energy_content
0,426,0,354.0771334395319,3.9975892030929217,10
1,426,13530,354.0771334395319,3.9975892030929217,10
