,ID,t,x,y,energy_content
0,427,0,248.85291601778917,150.0548737984995,10
1,427,8920,248.85291601778917,150.0548737984995,10
