,ID,t,x,y,energy_content
0,428,0,355.33450343226684,29.795122216257717,10
1,428,13530,355.33450343226684,29.795122216257717,10
