,ID,t,x,y,energy_content
0,429,0,198.62573437521732,79.85169954181285,10
1,429,18800,198.62573437521732,79.85169954181285,10
