,ID,t,x,y,energy_content
0,42,16526,453.43465814545567,33.52449264374576,10
1,42,18569,453.43465814545567,33.52449264374576,10
