,ID,t,x,y,energy_content
0,430,0,617.241291617574,373.7275456151337,10
1,430,26990,617.241291617574,373.7275456151337,10
