,ID,t,x,y,energy_content
0,431,0,90.83554847170568,364.23568359352026,10
1,431,6940,90.83554847170568,364.23568359352026,10
