,ID,t,x,y,energy_content
0,432,0,580.3153745722686,240.39739413590067,10
1,432,13530,580.3153745722686,240.39739413590067,10
