,ID,t,x,y,energy_content
0,433,0,98.97589467918849,438.0470497758087,10
1,433,6940,98.97589467918849,438.0470497758087,10
