,ID,t,x,y,energy_content
0,435,0,416.0186628618085,323.70281873730806,10
1,435,11280,416.0186628618085,323.70281873730806,10
