,ID,t,x,y,energy_content
0,437,0,514.8934249786281,108.43016906314267,10
1,437,39820,514.8934249786281,108.43016906314267,10
