,ID,t,x,y,energy_content
0,438,0,565.4859257859233,362.78850785069693,10
1,438,11280,565.4859257859233,362.78850785069693,10
