,ID,t,x,y,energy_content
0,43,17038,423.1456500712787,27.046029364242123,10
1,43,19195,423.1456500712787,27.046029364242123,10
