,ID,t,x,y,energy_content
0,440,0,634.6346843545497,372.50114686136413,10
1,440,36490,634.6346843545497,372.50114686136413,10
