,ID,t,x,y,energy_content
0,441,0,111.67250910905516,331.29769957348924,10
1,441,13530,111.67250910905516,331.29769957348924,10
