,ID,t,x,y,energy_content
0,443,0,283.3129756799025,162.63112526922333,10
1,443,6940,283.3129756799025,162.63112526922333,10
