,ID,t,x,y,energy_content
0,444,0,80.75501822465696,150.89566410168428,10
1,444,24150,80.75501822465696,150.89566410168428,10
