,ID,t,x,y,energy_content
0,445,0,119.67522803777982,9.866167422511793,10
1,445,26990,119.67522803777982,9.866167422511793,10
