,ID,t,x,y,energy_content
0,446,0,14.189387955842747,146.30560028001514,10
1,446,39820,14.189387955842747,146.30560028001514,10
