,ID,t,x,y,energy_content
0,447,0,633.5577170899631,469.44718530948086,10
1,447,39820,633.5577170899631,469.44718530948086,10
