,ID,t,x,y,energy_content
0,449,0,239.9502134100902,176.87453253020067,10
1,449,13530,239.9502134100902,176.87453253020067,10
