,ID,t,x,y,energy_content
0,44,17544,507.53658473762243,411.619773615639,10
1,44,26465,507.53658473762243,411.619773615639,10
