,ID,t,x,y,energy_content
0,450,0,493.65835240987064,81.87867900209986,10
1,450,15810,493.65835240987064,81.87867900209986,10
