,ID,t,x,y,energy_content
0,451,0,260.09223558071074,198.20967871988051,10
1,451,24150,260.09223558071074,198.20967871988051,10
