,ID,t,x,y,energy_content
0,452,0,191.3037675125994,281.3113789401141,10
1,452,11280,191.3037675125994,281.3113789401141,10
