,ID,t,x,y,energy_content
0,453,0,229.52463375289193,109.72774842772004,10
1,453,15810,229.52463375289193,109.72774842772004,10
