,ID,t,x,y,energy_content
0,454,0,52.106923113272146,233.27970767805542,10
1,454,26990,52.106923113272146,233.27970767805542,10
