,ID,t,x,y,energy_content
0,455,0,413.706940644583,456.1173971005689,10
1,455,29960,413.706940644583,456.1173971005689,10
