,ID,t,x,y,energy_content
0,456,0,396.54019870421763,237.66481930865174,10
1,456,8920,396.54019870421763,237.66481930865174,10
