,ID,t,x,y,energy_content
0,457,0,346.1999805609889,331.5278294969463,10
1,457,18800,346.1999805609889,331.5278294969463,10
