,ID,t,x,y,energy_content
0,458,0,465.74747332472265,59.07382833837861,10
1,458,26990,465.74747332472265,59.07382833837861,10
