,ID,t,x,y,energy_content
0,459,0,564.5076295658153,433.7964339142351,10
1,459,21760,564.5076295658153,433.7964339142351,10
