,ID,t,x,y,energy_content
0,45,18077,380.8237651904677,421.51411217471923,10
1,45,21991,380.8237651904677,421.51411217471923,10
