,ID,t,x,y,energy_content
0,460,0,273.72387696777713,325.430882605222,10
1,460,0,273.72387696777713,325.430882605222,10
