,ID,t,x,y,energy_content
0,461,0,367.6277621084987,219.12189744056388,10
1,461,4440,367.6277621084987,219.12189744056388,10
