,ID,t,x,y,energy_content
0,462,0,347.8480689065557,355.88977921586564,10
1,462,33220,347.8480689065557,355.88977921586564,10
