,ID,t,x,y,energy_content
0,463,0,188.24821394830124,178.5814631146672,10
1,463,26990,188.24821394830124,178.5814631146672,10
