,ID,t,x,y,energy_content
0,464,0,559.94954515759,388.37275761100165,10
1,464,5630,559.94954515759,388.37275761100165,10
