,ID,t,x,y,energy_content
0,466,0,559.6999913167979,168.34720904291427,10
1,466,11280,559.6999913167979,168.34720904291427,10
