,ID,t,x,y,energy_content
0,467,0,160.920657794546,354.0246260784205,10
1,467,4440,160.920657794546,354.0246260784205,10
