,ID,t,x,y,energy_content
0,468,0,255.56449796415407,196.22111045148543,10
1,468,24150,255.56449796415407,196.22111045148543,10
