,ID,t,x,y,energy_content
0,469,0,252.20719313247173,151.41064650253813,10
1,469,8920,252.20719313247173,151.41064650253813,10
