,ID,t,x,y,energy_content
0,46,18569,62.31174562867345,228.77376642364132,10
1,46,40602,62.31174562867345,228.77376642364132,10
