,ID,t,x,y,energy_content
0,470,0,61.35207334848708,107.46319951320586,10
1,470,18800,61.35207334848708,107.46319951320586,10
