,ID,t,x,y,energy_content
0,471,0,182.19824688479997,273.7877344642326,10
1,471,29960,182.19824688479997,273.7877344642326,10
