,ID,t,x,y,energy_content
0,472,0,206.64298009623835,345.7989348984528,10
1,472,5630,206.64298009623835,345.7989348984528,10
