,ID,t,x,y,energy_content
0,473,0,632.2477808018092,324.75765700102113,10
1,473,39820,632.2477808018092,324.75765700102113,10
