,ID,t,x,y,energy_content
0,475,0,202.88116007728448,383.99769951245565,10
1,475,13530,202.88116007728448,383.99769951245565,10
