,ID,t,x,y,energy_content
0,476,0,495.1600443920727,179.0483152930845,10
1,476,18800,495.1600443920727,179.0483152930845,10
