,ID,t,x,y,energy_content
0,477,0,49.88861741538713,258.553938670771,10
1,477,24150,49.88861741538713,258.553938670771,10
