,ID,t,x,y,energy_content
0,478,0,305.5919302786163,154.0954386662987,10
1,478,6940,305.5919302786163,154.0954386662987,10
