,ID,t,x,y,energy_content
0,479,0,350.8864317684131,466.30132341783025,10
1,479,15810,350.8864317684131,466.30132341783025,10
