,ID,t,x,y,energy_content
0,47,19000,340.6131609182796,369.1607788433373,10
1,47,20613,340.6131609182796,369.1607788433373,10
