,ID,t,x,y,energy_content
0,481,0,500.34436655396587,302.402230913553,10
1,481,8920,500.34436655396587,302.402230913553,10
