,ID,t,x,y,energy_content
0,482,0,72.61852861757575,9.263228980580429,10
1,482,33220,72.61852861757575,9.263228980580429,10
