,ID,t,x,y,energy_content
0,483,0,357.64108026738666,104.97279811846383,10
1,483,11280,357.64108026738666,104.97279811846383,10
