,ID,t,x,y,energy_content
0,485,0,246.32615958878512,182.16933748411645,10
1,485,13530,246.32615958878512,182.16933748411645,10
