,ID,t,x,y,energy_content
0,486,0,254.76250551115731,1.4463758275744887,10
1,486,21760,254.76250551115731,1.4463758275744887,10
