,ID,t,x,y,energy_content
0,487,0,548.1276982126371,454.36266580347893,10
1,487,15810,548.1276982126371,454.36266580347893,10
