,ID,t,x,y,energy_content
0,488,0,292.5688902303751,112.40696084950947,10
1,488,5630,292.5688902303751,112.40696084950947,10
