,ID,t,x,y,energy_content
0,48,19510,512.8278101799683,406.4901604547951,10
1,48,26630,512.8278101799683,406.4901604547951,10
