,ID,t,x,y,energy_content
0,490,0,466.2922967261363,458.9400234384987,10
1,490,24150,466.2922967261363,458.9400234384987,10
