,ID,t,x,y,energy_content
0,491,0,292.7518799823784,183.27483975306797,10
1,491,6940,292.7518799823784,183.27483975306797,10
