,ID,t,x,y,energy_content
0,492,0,320.7760079990869,105.9847804845055,10
1,492,4440,320.7760079990869,105.9847804845055,10
