,ID,t,x,y,energy_content
0,494,0,175.79010401693765,39.1499646715902,10
1,494,21760,175.79010401693765,39.1499646715902,10
