,ID,t,x,y,energy_content
0,495,0,626.1630935768337,114.47709376051841,10
1,495,24150,626.1630935768337,114.47709376051841,10
