,ID,t,x,y,energy_content
0,496,0,178.67653938932605,449.93293793988397,10
1,496,4440,178.67653938932605,449.93293793988397,10
