,ID,t,x,y,energy_content
0,497,0,362.3116057643412,189.03794883991137,10
1,497,4440,362.3116057643412,189.03794883991137,10
