,ID,t,x,y,energy_content
0,498,0,507.1795523684972,213.45425689792393,10
1,498,15810,507.1795523684972,213.45425689792393,10
