,ID,t,x,y,energy_content
0,499,0,136.33027572774148,177.0543462735557,10
1,499,15810,136.33027572774148,177.0543462735557,10
