,ID,t,x,y,energy_content
0,49,20007,179.77940799698473,327.0408530314497,10
1,49,22641,179.77940799698473,327.0408530314497,10
