,ID,t,x,y,energy_content
0,4,0,416.1031841458905,327.34854554208357,10
1,4,7556,416.1031841458905,327.34854554208357,10
