,ID,t,x,y,energy_content
0,500,4440,361.57461140164173,33.80850909588332,10
1,500,13530,361.57461140164173,33.80850909588332,10
