,ID,t,x,y,energy_content
0,501,5630,598.7629160654703,326.07892490683247,10
1,501,26990,598.7629160654703,326.07892490683247,10
