,ID,t,x,y,energy_content
0,502,6940,317.92753086079426,117.48521639228075,10
1,502,8920,317.92753086079426,117.48521639228075,10
