,ID,t,x,y,energy_content
0,503,8920,327.89286903292185,49.35956999094492,10
1,503,18800,327.89286903292185,49.35956999094492,10
