,ID,t,x,y,energy_content
0,504,11280,560.7971366197067,417.81506105741107,10
1,504,21760,560.7971366197067,417.81506105741107,10
