,ID,t,x,y,energy_content
0,505,13530,214.52607119375372,5.431641141301711,10
1,505,18800,214.52607119375372,5.431641141301711,10
