,ID,t,x,y,energy_content
0,506,15810,221.875254800306,282.13287922109333,10
1,506,26990,221.875254800306,282.13287922109333,10
