,ID,t,x,y,energy_content
0,507,18800,51.10983041180198,59.64984556227749,10
1,507,36490,51.10983041180198,59.64984556227749,10
