,ID,t,x,y,energy_content
0,50,20553,169.97175173211696,443.7246126018059,10
1,50,26071,169.97175173211696,443.7246126018059,10
