,ID,t,x,y,energy_content
0,510,26990,230.69067760135,219.89673548863007,10
1,510,33220,230.69067760135,219.89673548863007,10
