,ID,t,x,y,energy_content
0,51,21014,60.1865142385229,262.4738330503229,10
1,51,39379,60.1865142385229,262.4738330503229,10
