,ID,t,x,y,energy_content
0,52,21510,463.6823269950438,348.58192300157293,10
1,52,24706,463.6823269950438,348.58192300157293,10
