,ID,t,x,y,energy_content
0,53,22051,11.065109368625983,395.63844564760825,10
1,53,29210,11.065109368625983,395.63844564760825,10
