,ID,t,x,y,energy_content
0,54,22523,136.32077252223888,32.55500688066215,10
1,54,23555,136.32077252223888,32.55500688066215,10
