,ID,t,x,y,energy_content
0,55,23000,436.1715602793725,60.86682015185856,10
1,55,23000,436.1715602793725,60.86682015185856,10
