,ID,t,x,y,energy_content
0,56,23518,615.8567195406082,297.0856134667571,10
1,56,24433,615.8567195406082,297.0856134667571,10
