,ID,t,x,y,energy_content
0,57,24022,114.31135061663106,473.40344640044873,10
1,57,27675,114.31135061663106,473.40344640044873,10
