,ID,t,x,y,energy_content
0,58,24501,493.0406924772732,446.13720371094473,10
1,58,27558,493.0406924772732,446.13720371094473,10
