,ID,t,x,y,energy_content
0,59,25016,290.7526913899326,244.36915660843462,10
1,59,31774,290.7526913899326,244.36915660843462,10
