,ID,t,x,y,energy_content
0,5,0,93.73484364233676,72.11418631049456,10
1,5,10952,93.73484364233676,72.11418631049456,10
