,ID,t,x,y,energy_content
0,60,25520,235.20980595093576,153.27464836470392,10
1,60,28942,235.20980595093576,153.27464836470392,10
