,ID,t,x,y,energy_content
0,61,26007,407.4121610037862,80.59785056496452,10
1,61,27240,407.4121610037862,80.59785056496452,10
