,ID,t,x,y,energy_content
0,62,26501,74.83042590755737,39.29349877789232,10
1,62,51526,74.83042590755737,39.29349877789232,10
