,ID,t,x,y,energy_content
0,63,27025,629.9581509070791,383.8092518096594,10
1,63,33064,629.9581509070791,383.8092518096594,10
