,ID,t,x,y,energy_content
0,64,27521,138.40269156071798,369.2898365336448,10
1,64,33106,138.40269156071798,369.2898365336448,10
