,ID,t,x,y,energy_content
0,65,28021,517.0385768618862,137.83912966596722,10
1,65,29979,517.0385768618862,137.83912966596722,10
