,ID,t,x,y,energy_content
0,66,28510,100.36221912337382,394.21508572159223,10
1,66,31854,100.36221912337382,394.21508572159223,10
