,ID,t,x,y,energy_content
0,67,29011,557.8335676641367,462.9954530941791,10
1,67,30617,557.8335676641367,462.9954530941791,10
