,ID,t,x,y,energy_content
0,68,29501,397.3919835595749,450.6678513820007,10
1,68,39328,397.3919835595749,450.6678513820007,10
