,ID,t,x,y,energy_content
0,69,30014,534.0663748278622,334.1098742879501,10
1,69,30014,534.0663748278622,334.1098742879501,10
