,ID,t,x,y,energy_content
0,6,0,187.78184413042496,368.28941057137615,10
1,6,1017,187.78184413042496,368.28941057137615,10
