,ID,t,x,y,energy_content
0,70,30518,309.7090507461718,274.5601960637342,10
1,70,30782,309.7090507461718,274.5601960637342,10
