,ID,t,x,y,energy_content
0,71,31002,484.0918055691631,201.9138803419944,10
1,71,32285,484.0918055691631,201.9138803419944,10
