,ID,t,x,y,energy_content
0,72,31507,16.2021919784641,445.7538484181417,10
1,72,31774,16.2021919784641,445.7538484181417,10
