,ID,t,x,y,energy_content
0,73,32000,201.71049416066396,379.5941767776883,10
1,73,32000,201.71049416066396,379.5941767776883,10
