,ID,t,x,y,energy_content
0,74,32508,527.4759621924643,373.8070234640838,10
1,74,35153,527.4759621924643,373.8070234640838,10
