,ID,t,x,y,energy_content
0,75,33028,361.1158991798651,425.1224209267684,10
1,75,39478,361.1158991798651,425.1224209267684,10
