,ID,t,x,y,energy_content
0,76,33512,83.14317756608098,457.14608850019454,10
1,76,36028,83.14317756608098,457.14608850019454,10
