,ID,t,x,y,energy_content
0,77,34025,13.376494675586201,362.09350782753006,10
1,77,37777,13.376494675586201,362.09350782753006,10
