,ID,t,x,y,energy_content
0,78,34507,7.5293612062416315,402.4706128431285,10
1,78,38350,7.5293612062416315,402.4706128431285,10
