,ID,t,x,y,energy_content
0,79,35035,447.2587971374741,410.56368446966405,10
1,79,37580,447.2587971374741,410.56368446966405,10
