,ID,t,x,y,energy_content
0,7,0,73.42637015756537,74.78453570235152,10
1,7,11565,73.42637015756537,74.78453570235152,10
