,ID,t,x,y,energy_content
0,80,35506,42.60306455638222,353.44879215392706,10
1,80,36721,42.60306455638222,353.44879215392706,10
