,ID,t,x,y,energy_content
0,81,36028,263.58244798746915,67.40634139957973,10
1,81,38157,263.58244798746915,67.40634139957973,10
