,ID,t,x,y,energy_content
0,82,36527,633.8259194342085,224.12587685691176,10
1,82,54185,633.8259194342085,224.12587685691176,10
