,ID,t,x,y,energy_content
0,83,37016,103.51740066732852,385.48273540961617,10
1,83,40501,103.51740066732852,385.48273540961617,10
