,ID,t,x,y,energy_content
0,84,37534,501.67265098757343,293.25136296957345,10
1,84,39133,501.67265098757343,293.25136296957345,10
