,ID,t,x,y,energy_content
0,85,38035,139.92488095930958,43.404871321855026,10
1,85,42660,139.92488095930958,43.404871321855026,10
