,ID,t,x,y,energy_content
0,86,38538,465.28289532921235,311.5263606764011,10
1,86,38538,465.28289532921235,311.5263606764011,10
