,ID,t,x,y,energy_content
0,87,39036,98.04485611575423,295.7703549028043,10
1,87,42923,98.04485611575423,295.7703549028043,10
