,ID,t,x,y,energy_content
0,88,39530,433.5603229659164,325.6830783912093,10
1,88,40452,433.5603229659164,325.6830783912093,10
