,ID,t,x,y,energy_content
0,89,40023,297.31386558105703,297.03859099972203,10
1,89,47637,297.31386558105703,297.03859099972203,10
