,ID,t,x,y,energy_content
0,8,0,73.65442304048656,267.8643188897378,10
1,8,2149,73.65442304048656,267.8643188897378,10
