,ID,t,x,y,energy_content
0,90,40501,325.25638695316223,327.9897308518977,10
1,90,45280,325.25638695316223,327.9897308518977,10
