,ID,t,x,y,energy_content
0,91,41030,246.35500553506722,330.43142657935437,10
1,91,48900,246.35500553506722,330.43142657935437,10
