,ID,t,x,y,energy_content
0,92,41512,414.3462570785635,393.7120404052189,10
1,92,42880,414.3462570785635,393.7120404052189,10
