,ID,t,x,y,energy_content
0,93,42036,317.4467405490502,72.58902143751268,10
1,93,48257,317.4467405490502,72.58902143751268,10
