,ID,t,x,y,energy_content
0,94,42510,298.3637438632263,366.75487598351316,10
1,94,46245,298.3637438632263,366.75487598351316,10
