,ID,t,x,y,energy_content
0,95,43038,487.8401553830862,296.85147110676826,10
1,95,45324,487.8401553830862,296.85147110676826,10
