,ID,t,x,y,energy_content
0,96,43510,360.9917943514852,185.916568851642,10
1,96,44117,360.9917943514852,185.916568851642,10
