,ID,t,x,y,energy_content
0,97,44003,630.9503668098832,219.59100419928893,10
1,97,54320,630.9503668098832,219.59100419928893,10
