,ID,t,x,y,energy_content
0,98,44532,247.1699721355604,73.66103710606643,10
1,98,50255,247.1699721355604,73.66103710606643,10
