,ID,t,x,y,energy_content
0,99,45018,152.8423771245687,95.71024545808862,10
1,99,46745,152.8423771245687,95.71024545808862,10
