,ID,t,x,y,energy_content
0,9,0,351.41424615666807,422.90169010358267,10
1,9,1655,351.41424615666807,422.90169010358267,10
